{
  "name": "California Department of Consumer Affairs (DCA)",
  "type": "gov_registry",
  "source_urls": [
    "https://www.dca.ca.gov/",
    "https://search.dca.ca.gov/"
  ],
  "note": "DCA hosts multiple license registries (contractors, professionals). Use their search APIs or CSV/JSON exports where available. Treat each license list row as a dataset row.",
  "example_endpoints": [
    "https://search.dca.ca.gov/LicenseLookup/Results",
    "https://www2.cslb.ca.gov/OnlineServices/CheckLicenseII/CheckLicense.aspx"
  ]

  ,"api_slug": "gov.dca"
}
