{
  "snapshot_time": "2026-02-11T13:15:00Z",
  "db_path": "outputs/ferengi_enrichment.db",
  "db_stats": {
    "total": 9749,
    "completed": 5334,
    "pending": 4415,
    "errors": 215
  },
  "env_keys_present": {
    "GOOGLE_PLACES_API_KEY": true,
    "FERENGI_DB": true,
    "RABBITMQ_URL": true,
    "RECORD_HTTP": false
  },
  "files_added": [
    "scripts/run_local_enricher.py",
    "scripts/check_sources.py",
    "scripts/db_stats.py",
    "http_logger.py"
  ],
  "notes": "Do NOT commit .env. This snapshot records runtime facts (keys presence only), helper scripts added, and DB counts to resume enrichment runs. Sensitive values are redacted.",
  "generated_by": "assistant"
}
