{
  "manifests": [
    {
      "path": "catalog_api\\sources\\ca_la_accessors_manifest.json",
      "title": null,
      "example_files": [
        {
          "file": "/workspaces/azuredev-2005/City of Los Angeles Geohub.csv",
          "exists": false,
          "resolved": "workspaces\\azuredev-2005\\City of Los Angeles Geohub.csv"
        }
      ]
    },
    {
      "path": "catalog_api\\sources\\county_of_los_angeles_open_data.json",
      "title": null,
      "example_files": []
    },
    {
      "path": "catalog_api\\sources\\dca_manifest.json",
      "title": null,
      "example_files": []
    },
    {
      "path": "catalog_api\\sources\\la_city_geohub.json",
      "title": null,
      "example_files": []
    },
    {
      "path": "catalog_api\\sources\\osha_github_manifest.json",
      "title": null,
      "example_files": []
    },
    {
      "path": "catalog_api\\sources\\sacramento_cslb_manifest.json",
      "title": null,
      "example_files": []
    }
  ],
  "found_local_example_files": 0
}