{
  "total_records": 9739,
  "completed": 961,
  "errors": 32,
  "completion_rate": "9.87%",
  "gp_rating_stats": {
    "count": 961,
    "mean": 3.9803329864724244,
    "median": 4.0,
    "min": 3.0,
    "max": 5.0
  },
  "osha_violations_count": 144,
  "craigslist_ads_count": 324,
  "trigger_counts": {
    "trigger_fear_disaster_zone": 0,
    "trigger_fear_ab1327_deadline": 0,
    "trigger_fear_sb291_penalty": 0,
    "trigger_fear_sb779_fine": 0,
    "trigger_fear_nascla_sweep": 0,
    "trigger_fear_ab1002_wage": 0,
    "trigger_fear_osha_investigation": 144,
    "trigger_fear_craigslist_violation": 31,
    "trigger_envy_competitor_permits": 200,
    "trigger_envy_govt_contracts": 93,
    "trigger_envy_market_position": 207,
    "trigger_envy_sb517_compliance": 0,
    "trigger_envy_la_expansion": 0
  },
  "sample_rows_count": 20
}