{
  "hotspots": [
    {
      "x": 159,
      "y": 47,
      "value": 0.0
    },
    {
      "x": 159,
      "y": 46,
      "value": 0.0
    },
    {
      "x": 159,
      "y": 45,
      "value": 0.0
    },
    {
      "x": 159,
      "y": 44,
      "value": 0.0
    },
    {
      "x": 159,
      "y": 43,
      "value": 0.0
    },
    {
      "x": 159,
      "y": 42,
      "value": 0.0
    },
    {
      "x": 159,
      "y": 41,
      "value": 0.0
    },
    {
      "x": 159,
      "y": 40,
      "value": 0.0
    },
    {
      "x": 159,
      "y": 39,
      "value": 0.0
    },
    {
      "x": 159,
      "y": 38,
      "value": 0.0
    }
  ]
}