license_number,business_name,enrich_status,gp_rating,osha_violation_count,cl_ad_found,trigger_fear_osha_investigation,record_updated_at
1000019,D K IRON,completed,3.6,0,0,0,2026-02-10T20:49:12.913035
1000027,ESLE,completed,4.3,0,1,0,2026-02-10T20:47:39.675157
1000103,DNA FLOORS,completed,3.2,0,0,0,2026-02-10T20:47:41.275654
1000130,DYNAMIC IRON WORKS INC,completed,3.6,0,0,0,2026-02-10T20:47:39.748810
1000137,ECOPLANET LANDSCAPE & MAINTENANCE SERVICES,completed,4.6,0,0,0,2026-02-10T20:47:39.069624
1000268,EISENBEISZ ELECTRIC,completed,4.9,0,1,0,2026-02-10T20:47:40.363932
1000283,DUNCAN CUSTOM CONCRETE,completed,3.9,0,0,0,2026-02-10T20:47:41.704251
1000307,WATSON CONSTRUCTION,completed,3.8,0,0,0,2026-02-10T20:49:13.696783
1000370,STANDARD & KINGS,completed,3.3,0,1,0,2026-02-10T20:47:41.177156
1000448,JH WINDOW TINTING INC,completed,4.1,0,0,0,2026-02-10T20:47:38.906969
1000573,V3 ELECTRIC INC,completed,4.5,7,1,1,2026-02-10T20:47:38.874411
1000581,DRP ELECTRIC INC,completed,3.8,0,0,0,2026-02-10T20:48:27.658424
1000792,COMMERCIAL FLOORING INSTALLERS INC,completed,3.9,7,1,1,2026-02-10T20:47:39.979529
1000942,CARMICHAEL CONSTRUCTION INC,completed,3.6,0,1,0,2026-02-10T20:47:40.771412
1001029,JAVI'S ROOFING INC,completed,3.6,0,0,0,2026-02-10T20:47:40.420026
1001032,EMERALD PAINTING INC,completed,3.8,1,0,1,2026-02-10T20:47:41.855489
1001040,FAIRCHILD GENERAL CONSTRUCTION,completed,4.7,7,1,1,2026-02-10T20:48:27.928099
1001090,TGW PAINTING & SERVICES,completed,4.1,4,0,1,2026-02-10T20:47:40.249865
1001121,J & H MARKINGS CO INC,completed,3.8,0,1,0,2026-02-10T20:47:39.983949
1001170,MANNY'S PAINTING,completed,4.4,0,0,0,2026-02-10T20:47:41.125013
