{
  "hotspots": [
    {
      "x": 79,
      "y": 23,
      "value": 0.0
    },
    {
      "x": 79,
      "y": 22,
      "value": 0.0
    },
    {
      "x": 79,
      "y": 21,
      "value": 0.0
    },
    {
      "x": 79,
      "y": 20,
      "value": 0.0
    },
    {
      "x": 79,
      "y": 19,
      "value": 0.0
    },
    {
      "x": 79,
      "y": 18,
      "value": 0.0
    },
    {
      "x": 79,
      "y": 17,
      "value": 0.0
    },
    {
      "x": 79,
      "y": 16,
      "value": 0.0
    },
    {
      "x": 79,
      "y": 15,
      "value": 0.0
    },
    {
      "x": 79,
      "y": 14,
      "value": 0.0
    }
  ]
}