{
  "catalog_summary": {
    "total_api_categories": 5,
    "total_endpoints": 5,
    "available_credentials": 0,
    "production_ready_apis": 5
  },
  "credential_status": {
    "google_places": {
      "api_key": null,
      "backup_key": null,
      "status": "MISSING"
    },
    "us_dept_labor": {
      "api_key": null,
      "status": "MISSING"
    },
    "arcgis_sacramento": {
      "credentials": null,
      "status": "MISSING"
    },
    "rabbitmq": {
      "url": null,
      "management_url": null,
      "status": "MISSING"
    },
    "mongodb": {
      "uri": null,
      "status": "MISSING"
    }
  }
}