{
  "mandate": "RECURSIVE_ENRICHMENT_UNTIL_100_PERCENT",
  "tolerance_for_failure": 0.0,
  "acceptable_completion_rate": 99.9,
  "max_retries": "unlimited",
  "escalation_protocol": "automatic",
  "phases": {
    "phase_1": [
      "arcgis_sacramento_permits",
      "craigslist_5_vector_search",
      "wayback_cdx_historical"
    ],
    "phase_2": [
      "tax_lien_sos_api",
      "hubzone_permit_api",
      "dns_mx_validation"
    ],
    "phase_3": [
      "phone_osint",
      "duckduckgo_dorking",
      "recondon_craigslist_crawler"
    ]
  },
  "success_metrics": {
    "min_completion_rate": 99.9,
    "max_error_rate": 0.1,
    "data_quality_score_min": 95,
    "enrichment_velocity_min_per_min": 100
  },
  "escalation_triggers": {
    "completion_rate_below_95_after_3_attempts": "escalate_to_human",
    "api_error_rate_above_10_percent": "switch_to_backup_source",
    "enrichment_time_above_24h": "increase_worker_count",
    "data_quality_score_below_80": "trigger_manual_review"
  },
  "created_at": "2026-02-10T00:00:00Z",
  "created_by": "ferengi-agent"
}
