{
  "version": "2.0",
  "name": "Sacramento MVP Chatbot Flow",
  "description": "5-step conversion funnel with PRIMARY report promotion (v2 foundation)",
  "created": "2026-02-04",
  
  "funnel_steps": {
    "step_1_license_lookup": {
      "name": "License Lookup",
      "action": "instant_risk_score_display",
      "input": "CSLB license number",
      "output": {
        "risk_score": "0-100",
        "risk_tier": "LOW|MEDIUM|HIGH",
        "segment_flags": ["seg_home_improvement", "seg_wc_exposure", "etc"]
      },
      "next_step": "step_2_fear_trigger"
    },
    
    "step_2_fear_trigger": {
      "name": "Fear Trigger Presentation",
      "action": "show_primary_fear_report",
      "logic": "Select highest-priority fear trigger from prospect's flags",
      "reports_promoted": [
        {"id": "LSA", "trigger": "seg_has_suspension"},
        {"id": "CCD", "trigger": "law_any_2026_impact"},
        {"id": "WCE", "trigger": "seg_wc_exposure"},
        {"id": "OIR", "trigger": "trigger_fear_osha_investigation"},
        {"id": "CCA", "trigger": "trigger_fear_craigslist_violation"}
      ],
      "message_template": "⚠️ ALERT: Your license shows {trigger_description}. Get your {report_name} now for ${price}.",
      "next_step": "step_3_envy_trigger"
    },
    
    "step_3_envy_trigger": {
      "name": "Envy Trigger Presentation",
      "action": "show_primary_envy_report",
      "logic": "Select highest-priority envy trigger from prospect's flags",
      "reports_promoted": [
        {"id": "CPT", "trigger": "trigger_envy_competitor_permits"},
        {"id": "GCI", "trigger": "trigger_envy_govt_contracts"},
        {"id": "SVP", "trigger": "seg_general_contractor"},
        {"id": "MPA", "trigger": "trigger_envy_market_position"},
        {"id": "LME", "trigger": "seg_has_la_presence"}
      ],
      "message_template": "📈 Your competitors are {envy_description}. See how you compare with {report_name} for ${price}.",
      "next_step": "step_4_bundle_offer"
    },
    
    "step_4_bundle_offer": {
      "name": "Bundle Offer",
      "action": "recommend_bundle_based_on_segment",
      "bundles": {
        "starter": {"price": 39.99, "target": "seg_license_expiring_90d"},
        "growth": {"price": 59.99, "target": "law_any_2026_impact"},
        "elite": {"price": 97.00, "target": "seg_general_contractor"}
      },
      "message_template": "💰 SAVE {savings}! Get the {bundle_name} for ${price} (includes {report_count} reports).",
      "next_step": "step_5_checkout"
    },
    
    "step_5_checkout": {
      "name": "Checkout",
      "action": "stripe_payment_processing",
      "payment_methods": ["card", "apple_pay", "google_pay"],
      "success_action": "generate_visme_pdf_report",
      "failure_action": "retry_or_support"
    }
  },
  
  "secondary_reports_access": {
    "method": "browse_all_reports_link",
    "location": "footer_of_chatbot",
    "text": "Browse 100+ additional reports →",
    "promoted_in_funnel": false
  },
  
  "trigger_priority_order": {
    "fear": [
      "seg_has_suspension",
      "trigger_fear_osha_investigation",
      "trigger_fear_craigslist_violation",
      "law_any_2026_impact",
      "seg_wc_exposure"
    ],
    "envy": [
      "trigger_envy_competitor_permits",
      "seg_has_la_presence",
      "seg_general_contractor",
      "trigger_envy_govt_contracts"
    ]
  }
}
